{
    "standard": [
    	[-0.6859763264656067, 0.0, -0.005694257095456123],
        [-0.7646133303642273, 0.0, 0.031250569969415665],
        [-0.9004402160644531, 0.0, 0.48873579502105713],
        [-0.5552256107330322, 0.0, 0.8969211578369141],
        [-0.014898685738444328, 0.0, 0.9972710013389587],
        [0.3511762022972107, 0.0, 0.685110867023468],
        [0.3380568027496338, 0.0, 0.5969200134277344],
        [0.40937042236328125, 0.0, 0.6465492248535156],
        [0.8734776973724365, 0.0, 0.5354361534118652],
        [1.054369330406189, 0.0, 0.03237885609269142],
        [0.8711113929748535, 0.0, -0.4857328534126282],
        [0.41773533821105957, 0.0, -0.6466829776763916],
        [0.3479194939136505, 0.0, -0.591225802898407],
        [0.35524284839630127, 0.0, -0.6777997612953186],
        [0.026962488889694214, 0.0, -1.0241718292236328],
        [-0.49914371967315674, 0.0, -0.9293000102043152],
        [-0.8562126159667969, 0.0, -0.5115381479263306

        ],
        [-0.7689114809036255, 0.0, -0.03842794522643089],
    	[-0.6859763264656067, 0.0, -0.005694257095456123]],
    "simple": [
    	[0.783611624891225, 4.798237340988468e-17, -0.7836116248912238],
    	[-1.2643170607829326e-16, 6.785732323110913e-17, -1.108194187554388],
    	[-0.7836116248912243, 4.798237340988471e-17, -0.7836116248912243],
    	[-1.108194187554388, 1.966335461618786e-32, -3.21126950723723e-16],
    	[-0.7836116248912245, -4.7982373409884694e-17, 0.783611624891224],
    	[-3.3392053635905195e-16, -6.785732323110915e-17, 1.1081941875543881],
    	[0.7836116248912238, -4.798237340988472e-17, 0.7836116248912244],
    	[1.108194187554388, -3.644630067904792e-32, 5.952132599280585e-16],
    	[0.783611624891225, 4.798237340988468e-17, -0.7836116248912238]
    	]
}